-- phpMyAdmin SQL Dump
-- version 4.6.6deb5
-- https://www.phpmyadmin.net/
--
-- Host: localhost:3306
-- Generation Time: May 18, 2018 at 04:34 PM
-- Server version: 5.7.18-1
-- PHP Version: 7.1.6-2

SET SQL_MODE = "NO_AUTO_VALUE_ON_ZERO";
SET time_zone = "+00:00";


/*!40101 SET @OLD_CHARACTER_SET_CLIENT=@@CHARACTER_SET_CLIENT */;
/*!40101 SET @OLD_CHARACTER_SET_RESULTS=@@CHARACTER_SET_RESULTS */;
/*!40101 SET @OLD_COLLATION_CONNECTION=@@COLLATION_CONNECTION */;
/*!40101 SET NAMES utf8mb4 */;

--
-- Database: `Blood-Banks`
--

-- --------------------------------------------------------

--
-- Table structure for table `Blood`
--

CREATE TABLE `Blood` (
  `Quantity` int(11) NOT NULL DEFAULT '0',
  `price` int(11) DEFAULT '0',
  `priceForHospital` int(11) DEFAULT '0',
  `bloodCenterid` int(11) DEFAULT NULL,
  `bloodTypeid` int(11) DEFAULT NULL
) ENGINE=InnoDB DEFAULT CHARSET=latin1;

--
-- Dumping data for table `Blood`
--

INSERT INTO `Blood` (`Quantity`, `price`, `priceForHospital`, `bloodCenterid`, `bloodTypeid`) VALUES
(50, 1, 700, 51, 1),
(2, 2, 0, 51, 2),
(3, 3, 0, 51, 3),
(4, 4, 0, 51, 4),
(5, 5, 0, 51, 5),
(6, 6, 0, 51, 6),
(7, 7, 0, 51, 7),
(8, 8, 0, 51, 8),
(1, 1, 0, 52, 1),
(2, 2, 0, 52, 2),
(3, 3, 0, 52, 3),
(4, 4, 0, 52, 4),
(5, 5, 0, 52, 5),
(6, 6, 0, 52, 6),
(7, 7, 0, 52, 7),
(8, 8, 0, 52, 8),
(1, 1, 0, 53, 1),
(2, 2, 0, 53, 2),
(3, 3, 0, 53, 3),
(4, 4, 0, 53, 4),
(5, 5, 0, 53, 5),
(6, 6, 0, 53, 6),
(7, 7, 0, 53, 7),
(8, 8, 0, 53, 8),
(1, 1, 0, 54, 1),
(2, 2, 0, 54, 2),
(3, 3, 0, 54, 3),
(4, 4, 0, 54, 4),
(5, 5, 0, 54, 5),
(6, 6, 0, 54, 6),
(7, 7, 0, 54, 7),
(8, 8, 0, 54, 8),
(1, 1, 0, 55, 1),
(2, 2, 0, 55, 2),
(3, 3, 0, 55, 3),
(4, 4, 0, 55, 4),
(5, 5, 0, 55, 5),
(6, 6, 0, 55, 6),
(7, 7, 0, 55, 7),
(8, 8, 0, 55, 8),
(1, 1, 0, 56, 1),
(2, 2, 0, 56, 2),
(3, 3, 0, 56, 3),
(4, 4, 0, 56, 4),
(5, 5, 0, 56, 5),
(6, 6, 0, 56, 6),
(7, 7, 0, 56, 7),
(8, 8, 0, 56, 8),
(1, 1, 0, 57, 1),
(2, 2, 0, 57, 2),
(3, 3, 0, 57, 3),
(4, 4, 0, 57, 4),
(5, 5, 0, 57, 5),
(6, 6, 0, 57, 6),
(7, 7, 0, 57, 7),
(8, 8, 0, 57, 8),
(1, 1, 0, 58, 1),
(2, 2, 0, 58, 2),
(3, 3, 0, 58, 3),
(4, 4, 0, 58, 4),
(5, 5, 0, 58, 5),
(6, 6, 0, 58, 6),
(7, 7, 0, 58, 7),
(8, 8, 0, 58, 8),
(1, 1, 0, 59, 1),
(2, 2, 0, 59, 2),
(3, 3, 0, 59, 3),
(4, 4, 0, 59, 4),
(5, 5, 0, 59, 5),
(6, 6, 0, 59, 6),
(7, 7, 0, 59, 7),
(8, 8, 0, 59, 8),
(1, 1, 0, 60, 1),
(2, 2, 0, 60, 2),
(3, 3, 0, 60, 3),
(4, 4, 0, 60, 4),
(5, 5, 0, 60, 5),
(6, 6, 0, 60, 6),
(7, 7, 0, 60, 7),
(8, 8, 0, 60, 8),
(1, 1, 0, 61, 1),
(2, 2, 0, 61, 2),
(3, 3, 0, 61, 3),
(4, 4, 0, 61, 4),
(5, 5, 0, 61, 5),
(6, 6, 0, 61, 6),
(7, 7, 0, 61, 7),
(8, 8, 0, 61, 8),
(1, 1, 0, 62, 1),
(2, 2, 0, 62, 2),
(3, 3, 0, 62, 3),
(4, 4, 0, 62, 4),
(5, 5, 0, 62, 5),
(6, 6, 0, 62, 6),
(7, 7, 0, 62, 7),
(8, 8, 0, 62, 8),
(1, 1, 0, 63, 1),
(2, 2, 0, 63, 2),
(3, 3, 0, 63, 3),
(4, 4, 0, 63, 4),
(5, 5, 0, 63, 5),
(6, 6, 0, 63, 6),
(7, 7, 0, 63, 7),
(8, 8, 0, 63, 8),
(1, 1, 0, 64, 1),
(2, 2, 0, 64, 2),
(3, 3, 0, 64, 3),
(4, 4, 0, 64, 4),
(5, 5, 0, 64, 5),
(6, 6, 0, 64, 6),
(7, 7, 0, 64, 7),
(8, 8, 0, 64, 8),
(1, 1, 0, 65, 1),
(2, 2, 0, 65, 2),
(3, 3, 0, 65, 3),
(4, 4, 0, 65, 4),
(5, 5, 0, 65, 5),
(6, 6, 0, 65, 6),
(7, 7, 0, 65, 7),
(8, 8, 0, 65, 8),
(1, 1, 0, 66, 1),
(2, 2, 0, 66, 2),
(3, 3, 0, 66, 3),
(4, 4, 0, 66, 4),
(5, 5, 0, 66, 5),
(6, 6, 0, 66, 6),
(7, 7, 0, 66, 7),
(8, 8, 0, 66, 8),
(1, 1, 0, 67, 1),
(2, 2, 0, 67, 2),
(3, 3, 0, 67, 3),
(4, 4, 0, 67, 4),
(5, 5, 0, 67, 5),
(6, 6, 0, 67, 6),
(7, 7, 0, 67, 7),
(8, 8, 0, 67, 8),
(1, 1, 0, 68, 1),
(2, 2, 0, 68, 2),
(3, 3, 0, 68, 3),
(4, 4, 0, 68, 4),
(5, 5, 0, 68, 5),
(6, 6, 0, 68, 6),
(7, 7, 0, 68, 7),
(8, 8, 0, 68, 8),
(1, 1, 0, 69, 1),
(2, 2, 0, 69, 2),
(3, 3, 0, 69, 3),
(4, 4, 0, 69, 4),
(5, 5, 0, 69, 5),
(6, 6, 0, 69, 6),
(7, 7, 0, 69, 7),
(8, 8, 0, 69, 8),
(1, 1, 0, 70, 1),
(2, 2, 0, 70, 2),
(3, 3, 0, 70, 3),
(4, 4, 0, 70, 4),
(5, 5, 0, 70, 5),
(6, 6, 0, 70, 6),
(7, 7, 0, 70, 7),
(8, 8, 0, 70, 8),
(1, 1, 0, 71, 1),
(2, 2, 0, 71, 2),
(3, 3, 0, 71, 3),
(4, 4, 0, 71, 4),
(5, 5, 0, 71, 5),
(6, 6, 0, 71, 6),
(7, 7, 0, 71, 7),
(8, 8, 0, 71, 8),
(1, 1, 0, 72, 1),
(2, 2, 0, 72, 2),
(3, 3, 0, 72, 3),
(4, 4, 0, 72, 4),
(5, 5, 0, 72, 5),
(6, 6, 0, 72, 6),
(7, 7, 0, 72, 7),
(8, 8, 0, 72, 8),
(1, 1, 0, 73, 1),
(2, 2, 0, 73, 2),
(3, 3, 0, 73, 3),
(4, 4, 0, 73, 4),
(5, 5, 0, 73, 5),
(6, 6, 0, 73, 6),
(7, 7, 0, 73, 7),
(8, 8, 0, 73, 8),
(1, 1, 0, 74, 1),
(2, 2, 0, 74, 2),
(3, 3, 0, 74, 3),
(4, 4, 0, 74, 4),
(5, 5, 0, 74, 5),
(6, 6, 0, 74, 6),
(7, 7, 0, 74, 7),
(8, 8, 0, 74, 8),
(1, 1, 0, 75, 1),
(2, 2, 0, 75, 2),
(3, 3, 0, 75, 3),
(4, 4, 0, 75, 4),
(5, 5, 0, 75, 5),
(6, 6, 0, 75, 6),
(7, 7, 0, 75, 7),
(8, 8, 0, 75, 8),
(1, 1, 0, 76, 1),
(2, 2, 0, 76, 2),
(3, 3, 0, 76, 3),
(4, 4, 0, 76, 4),
(5, 5, 0, 76, 5),
(6, 6, 0, 76, 6),
(7, 7, 0, 76, 7),
(8, 8, 0, 76, 8),
(1, 1, 0, 77, 1),
(2, 2, 0, 77, 2),
(3, 3, 0, 77, 3),
(4, 4, 0, 77, 4),
(5, 5, 0, 77, 5),
(6, 6, 0, 77, 6),
(7, 7, 0, 77, 7),
(8, 8, 0, 77, 8),
(1, 1, 0, 78, 1),
(2, 2, 0, 78, 2),
(3, 3, 0, 78, 3),
(4, 4, 0, 78, 4),
(5, 5, 0, 78, 5),
(6, 6, 0, 78, 6),
(7, 7, 0, 78, 7),
(8, 8, 0, 78, 8),
(1, 1, 0, 79, 1),
(2, 2, 0, 79, 2),
(3, 3, 0, 79, 3),
(4, 4, 0, 79, 4),
(5, 5, 0, 79, 5),
(6, 6, 0, 79, 6),
(7, 7, 0, 79, 7),
(8, 8, 0, 79, 8),
(1, 1, 0, 80, 1),
(2, 2, 0, 80, 2),
(3, 3, 0, 80, 3),
(4, 4, 0, 80, 4),
(5, 5, 0, 80, 5),
(6, 6, 0, 80, 6),
(7, 7, 0, 80, 7),
(8, 8, 0, 80, 8),
(1, 1, 0, 81, 1),
(2, 2, 0, 81, 2),
(3, 3, 0, 81, 3),
(4, 4, 0, 81, 4),
(5, 5, 0, 81, 5),
(6, 6, 0, 81, 6),
(7, 7, 0, 81, 7),
(8, 8, 0, 81, 8),
(1, 1, 0, 82, 1),
(2, 2, 0, 82, 2),
(3, 3, 0, 82, 3),
(4, 4, 0, 82, 4),
(5, 5, 0, 82, 5),
(6, 6, 0, 82, 6),
(7, 7, 0, 82, 7),
(8, 8, 0, 82, 8),
(1, 1, 0, 83, 1),
(2, 2, 0, 83, 2),
(3, 3, 0, 83, 3),
(4, 4, 0, 83, 4),
(5, 5, 0, 83, 5),
(6, 6, 0, 83, 6),
(7, 7, 0, 83, 7),
(8, 8, 0, 83, 8),
(1, 1, 0, 84, 1),
(2, 2, 0, 84, 2),
(3, 3, 0, 84, 3),
(4, 4, 0, 84, 4),
(5, 5, 0, 84, 5),
(6, 6, 0, 84, 6),
(7, 7, 0, 84, 7),
(8, 8, 0, 84, 8),
(1, 1, 0, 85, 1),
(2, 2, 0, 85, 2),
(3, 3, 0, 85, 3),
(4, 4, 0, 85, 4),
(5, 5, 0, 85, 5),
(6, 6, 0, 85, 6),
(7, 7, 0, 85, 7),
(8, 8, 0, 85, 8),
(1, 1, 0, 86, 1),
(2, 2, 0, 86, 2),
(3, 3, 0, 86, 3),
(4, 4, 0, 86, 4),
(5, 5, 0, 86, 5),
(6, 6, 0, 86, 6),
(7, 7, 0, 86, 7),
(8, 8, 0, 86, 8),
(1, 1, 0, 87, 1),
(2, 2, 0, 87, 2),
(3, 3, 0, 87, 3),
(4, 4, 0, 87, 4),
(5, 5, 0, 87, 5),
(6, 6, 0, 87, 6),
(7, 7, 0, 87, 7),
(8, 8, 0, 87, 8),
(1, 1, 0, 88, 1),
(2, 2, 0, 88, 2),
(3, 3, 0, 88, 3),
(4, 4, 0, 88, 4),
(5, 5, 0, 88, 5),
(6, 6, 0, 88, 6),
(7, 7, 0, 88, 7),
(8, 8, 0, 88, 8),
(1, 1, 0, 89, 1),
(2, 2, 0, 89, 2),
(3, 3, 0, 89, 3),
(4, 4, 0, 89, 4),
(5, 5, 0, 89, 5),
(6, 6, 0, 89, 6),
(7, 7, 0, 89, 7),
(8, 8, 0, 89, 8),
(1, 1, 0, 90, 1),
(2, 2, 0, 90, 2),
(3, 3, 0, 90, 3),
(4, 4, 0, 90, 4),
(5, 5, 0, 90, 5),
(6, 6, 0, 90, 6),
(7, 7, 0, 90, 7),
(8, 8, 0, 90, 8),
(1, 1, 0, 91, 1),
(2, 2, 0, 91, 2),
(3, 3, 0, 91, 3),
(4, 4, 0, 91, 4),
(5, 5, 0, 91, 5),
(6, 6, 0, 91, 6),
(7, 7, 0, 91, 7),
(8, 8, 0, 91, 8),
(1, 1, 0, 92, 1),
(2, 2, 0, 92, 2),
(3, 3, 0, 92, 3),
(4, 4, 0, 92, 4),
(5, 5, 0, 92, 5),
(6, 6, 0, 92, 6),
(7, 7, 0, 92, 7),
(8, 8, 0, 92, 8),
(1, 1, 0, 93, 1),
(2, 2, 0, 93, 2),
(3, 3, 0, 93, 3),
(4, 4, 0, 93, 4),
(5, 5, 0, 93, 5),
(6, 6, 0, 93, 6),
(7, 7, 0, 93, 7),
(8, 8, 0, 93, 8),
(1, 1, 0, 94, 1),
(2, 2, 0, 94, 2),
(3, 3, 0, 94, 3),
(4, 4, 0, 94, 4),
(5, 5, 0, 94, 5),
(6, 6, 0, 94, 6),
(7, 7, 0, 94, 7),
(8, 8, 0, 94, 8),
(1, 1, 0, 95, 1),
(2, 2, 0, 95, 2),
(3, 3, 0, 95, 3),
(4, 4, 0, 95, 4),
(5, 5, 0, 95, 5),
(6, 6, 0, 95, 6),
(7, 7, 0, 95, 7),
(8, 8, 0, 95, 8),
(1, 1, 0, 96, 1),
(2, 2, 0, 96, 2),
(3, 3, 0, 96, 3),
(4, 4, 0, 96, 4),
(5, 5, 0, 96, 5),
(6, 6, 0, 96, 6),
(7, 7, 0, 96, 7),
(8, 8, 0, 96, 8),
(1, 1, 0, 97, 1),
(2, 2, 0, 97, 2),
(3, 3, 0, 97, 3),
(4, 4, 0, 97, 4),
(5, 5, 0, 97, 5),
(6, 6, 0, 97, 6),
(7, 7, 0, 97, 7),
(8, 8, 0, 97, 8),
(1, 1, 0, 98, 1),
(2, 2, 0, 98, 2),
(3, 3, 0, 98, 3),
(4, 4, 0, 98, 4),
(5, 5, 0, 98, 5),
(6, 6, 0, 98, 6),
(7, 7, 0, 98, 7),
(8, 8, 0, 98, 8),
(1, 1, 0, 99, 1),
(2, 2, 0, 99, 2),
(3, 3, 0, 99, 3),
(4, 4, 0, 99, 4),
(5, 5, 0, 99, 5),
(6, 6, 0, 99, 6),
(7, 7, 0, 99, 7),
(8, 8, 0, 99, 8),
(1, 1, 0, 100, 1),
(2, 2, 0, 100, 2),
(3, 3, 0, 100, 3),
(4, 4, 0, 100, 4),
(5, 5, 0, 100, 5),
(6, 6, 0, 100, 6),
(7, 7, 0, 100, 7),
(8, 8, 0, 100, 8),
(1, 1, 18, 101, 1),
(2, 2, 19, 101, 2),
(3, 3, 20, 101, 3),
(4, 4, 21, 101, 4),
(5, 5, 22, 101, 5),
(6, 6, 23, 101, 6),
(7, 7, 24, 101, 7),
(8, 8, 25, 101, 8),
(1, 1, 18, 102, 1),
(2, 2, 19, 102, 2),
(3, 3, 20, 102, 3),
(4, 4, 21, 102, 4),
(5, 5, 22, 102, 5),
(6, 6, 23, 102, 6),
(7, 7, 24, 102, 7),
(8, 8, 25, 102, 8),
(1, 1, 18, 103, 1),
(2, 2, 19, 103, 2),
(3, 3, 20, 103, 3),
(4, 4, 21, 103, 4),
(5, 5, 22, 103, 5),
(6, 6, 23, 103, 6),
(7, 7, 24, 103, 7),
(8, 8, 25, 103, 8),
(1, 1, 18, 104, 1),
(2, 2, 19, 104, 2),
(3, 3, 20, 104, 3),
(4, 4, 21, 104, 4),
(5, 5, 22, 104, 5),
(6, 6, 23, 104, 6),
(7, 7, 24, 104, 7),
(8, 8, 25, 104, 8),
(1, 1, 18, 105, 1),
(2, 2, 19, 105, 2),
(3, 3, 20, 105, 3),
(4, 4, 21, 105, 4),
(5, 5, 22, 105, 5),
(6, 6, 23, 105, 6),
(7, 7, 24, 105, 7),
(8, 8, 25, 105, 8),
(1, 1, 18, 106, 1),
(2, 2, 19, 106, 2),
(3, 3, 20, 106, 3),
(4, 4, 21, 106, 4),
(5, 5, 22, 106, 5),
(6, 6, 23, 106, 6),
(7, 7, 24, 106, 7),
(8, 8, 25, 106, 8),
(1, 1, 18, 107, 1),
(2, 2, 19, 107, 2),
(3, 3, 20, 107, 3),
(4, 4, 21, 107, 4),
(5, 5, 22, 107, 5),
(6, 6, 23, 107, 6),
(7, 7, 24, 107, 7),
(8, 8, 25, 107, 8),
(1, 1, 18, 108, 1),
(2, 2, 19, 108, 2),
(3, 3, 20, 108, 3),
(4, 4, 21, 108, 4),
(5, 5, 22, 108, 5),
(6, 6, 23, 108, 6),
(7, 7, 24, 108, 7),
(8, 8, 25, 108, 8),
(1, 1, 18, 109, 1),
(2, 2, 19, 109, 2),
(3, 3, 20, 109, 3),
(4, 4, 21, 109, 4),
(5, 5, 22, 109, 5),
(6, 6, 23, 109, 6),
(7, 7, 24, 109, 7),
(8, 8, 25, 109, 8),
(1, 1, 18, 110, 1),
(2, 2, 19, 110, 2),
(3, 3, 20, 110, 3),
(4, 4, 21, 110, 4),
(5, 5, 22, 110, 5),
(6, 6, 23, 110, 6),
(7, 7, 24, 110, 7),
(8, 8, 25, 110, 8),
(1, 1, 18, 111, 1),
(2, 2, 19, 111, 2),
(3, 3, 20, 111, 3),
(4, 4, 21, 111, 4),
(5, 5, 22, 111, 5),
(6, 6, 23, 111, 6),
(7, 7, 24, 111, 7),
(8, 8, 25, 111, 8),
(1, 1, 18, 112, 1),
(2, 2, 19, 112, 2),
(3, 3, 20, 112, 3),
(4, 4, 21, 112, 4),
(5, 5, 22, 112, 5),
(6, 6, 23, 112, 6),
(7, 7, 24, 112, 7),
(8, 8, 25, 112, 8),
(1, 1, 18, 113, 1),
(2, 2, 19, 113, 2),
(3, 3, 20, 113, 3),
(4, 4, 21, 113, 4),
(5, 5, 22, 113, 5),
(6, 6, 23, 113, 6),
(7, 7, 24, 113, 7),
(8, 8, 25, 113, 8),
(1, 1, 18, 114, 1),
(2, 2, 19, 114, 2),
(3, 3, 20, 114, 3),
(4, 4, 21, 114, 4),
(5, 5, 22, 114, 5),
(6, 6, 23, 114, 6),
(7, 7, 24, 114, 7),
(8, 8, 25, 114, 8),
(1, 1, 18, 115, 1),
(2, 2, 19, 115, 2),
(3, 3, 20, 115, 3),
(4, 4, 21, 115, 4),
(5, 5, 22, 115, 5),
(6, 6, 23, 115, 6),
(7, 7, 24, 115, 7),
(8, 8, 25, 115, 8),
(1, 1, 18, 116, 1),
(2, 2, 19, 116, 2),
(3, 3, 20, 116, 3),
(4, 4, 21, 116, 4),
(5, 5, 22, 116, 5),
(6, 6, 23, 116, 6),
(7, 7, 24, 116, 7),
(8, 8, 25, 116, 8),
(1, 1, 18, 117, 1),
(2, 2, 19, 117, 2),
(3, 3, 20, 117, 3),
(4, 4, 21, 117, 4),
(5, 5, 22, 117, 5),
(6, 6, 23, 117, 6),
(7, 7, 24, 117, 7),
(8, 8, 25, 117, 8),
(1, 1, 18, 118, 1),
(2, 2, 19, 118, 2),
(3, 3, 20, 118, 3),
(4, 4, 21, 118, 4),
(5, 5, 22, 118, 5),
(6, 6, 23, 118, 6),
(7, 7, 24, 118, 7),
(8, 8, 25, 118, 8),
(1, 1, 18, 119, 1),
(2, 2, 19, 119, 2),
(3, 3, 20, 119, 3),
(4, 4, 21, 119, 4),
(5, 5, 22, 119, 5),
(6, 6, 23, 119, 6),
(7, 7, 24, 119, 7),
(8, 8, 25, 119, 8),
(1, 1, 18, 120, 1),
(2, 2, 19, 120, 2),
(3, 3, 20, 120, 3),
(4, 4, 21, 120, 4),
(5, 5, 22, 120, 5),
(6, 6, 23, 120, 6),
(7, 7, 24, 120, 7),
(8, 8, 25, 120, 8),
(1, 1, 18, 121, 1),
(2, 2, 19, 121, 2),
(3, 3, 20, 121, 3),
(4, 4, 21, 121, 4),
(5, 5, 22, 121, 5),
(6, 6, 23, 121, 6),
(7, 7, 24, 121, 7),
(8, 8, 25, 121, 8),
(1, 1, 18, 122, 1),
(2, 2, 19, 122, 2),
(3, 3, 20, 122, 3),
(4, 4, 21, 122, 4),
(5, 5, 22, 122, 5),
(6, 6, 23, 122, 6),
(7, 7, 24, 122, 7),
(8, 8, 25, 122, 8),
(1, 1, 18, 123, 1),
(2, 2, 19, 123, 2),
(3, 3, 20, 123, 3),
(4, 4, 21, 123, 4),
(5, 5, 22, 123, 5),
(6, 6, 23, 123, 6),
(7, 7, 24, 123, 7),
(8, 8, 25, 123, 8),
(1, 1, 18, 124, 1),
(2, 2, 19, 124, 2),
(3, 3, 20, 124, 3),
(4, 4, 21, 124, 4),
(5, 5, 22, 124, 5),
(6, 6, 23, 124, 6),
(7, 7, 24, 124, 7),
(8, 8, 25, 124, 8),
(1, 1, 18, 125, 1),
(2, 2, 19, 125, 2),
(3, 3, 20, 125, 3),
(4, 4, 21, 125, 4),
(5, 5, 22, 125, 5),
(6, 6, 23, 125, 6),
(7, 7, 24, 125, 7),
(8, 8, 25, 125, 8),
(1, 1, 18, 126, 1),
(2, 2, 19, 126, 2),
(3, 3, 20, 126, 3),
(4, 4, 21, 126, 4),
(5, 5, 22, 126, 5),
(6, 6, 23, 126, 6),
(7, 7, 24, 126, 7),
(8, 8, 25, 126, 8),
(1, 1, 18, 127, 1),
(2, 2, 19, 127, 2),
(3, 3, 20, 127, 3),
(4, 4, 21, 127, 4),
(5, 5, 22, 127, 5),
(6, 6, 23, 127, 6),
(7, 7, 24, 127, 7),
(8, 8, 25, 127, 8),
(1, 1, 18, 128, 1),
(2, 2, 19, 128, 2),
(3, 3, 20, 128, 3),
(4, 4, 21, 128, 4),
(5, 5, 22, 128, 5),
(6, 6, 23, 128, 6),
(7, 7, 24, 128, 7),
(8, 8, 25, 128, 8),
(1, 1, 18, 129, 1),
(2, 2, 19, 129, 2),
(3, 3, 20, 129, 3),
(4, 4, 21, 129, 4),
(5, 5, 22, 129, 5),
(6, 6, 23, 129, 6),
(7, 7, 24, 129, 7),
(8, 8, 25, 129, 8),
(1, 1, 18, 130, 1),
(2, 2, 19, 130, 2),
(3, 3, 20, 130, 3),
(4, 4, 21, 130, 4),
(5, 5, 22, 130, 5),
(6, 6, 23, 130, 6),
(7, 7, 24, 130, 7),
(8, 8, 25, 130, 8),
(1, 1, 18, 131, 1),
(2, 2, 19, 131, 2),
(3, 3, 20, 131, 3),
(4, 4, 21, 131, 4),
(5, 5, 22, 131, 5),
(6, 6, 23, 131, 6),
(7, 7, 24, 131, 7),
(8, 8, 25, 131, 8),
(1, 1, 18, 132, 1),
(2, 2, 19, 132, 2),
(3, 3, 20, 132, 3),
(4, 4, 21, 132, 4),
(5, 5, 22, 132, 5),
(6, 6, 23, 132, 6),
(7, 7, 24, 132, 7),
(8, 8, 25, 132, 8),
(1, 1, 18, 133, 1),
(2, 2, 19, 133, 2),
(3, 3, 20, 133, 3),
(4, 4, 21, 133, 4),
(5, 5, 22, 133, 5),
(6, 6, 23, 133, 6),
(7, 7, 24, 133, 7),
(8, 8, 25, 133, 8),
(1, 1, 18, 134, 1),
(2, 2, 19, 134, 2),
(3, 3, 20, 134, 3),
(4, 4, 21, 134, 4),
(5, 5, 22, 134, 5),
(6, 6, 23, 134, 6),
(7, 7, 24, 134, 7),
(8, 8, 25, 134, 8),
(1, 1, 18, 135, 1),
(2, 2, 19, 135, 2),
(3, 3, 20, 135, 3),
(4, 4, 21, 135, 4),
(5, 5, 22, 135, 5),
(6, 6, 23, 135, 6),
(7, 7, 24, 135, 7),
(8, 8, 25, 135, 8),
(1, 1, 18, 136, 1),
(2, 2, 19, 136, 2),
(3, 3, 20, 136, 3),
(4, 4, 21, 136, 4),
(5, 5, 22, 136, 5),
(6, 6, 23, 136, 6),
(7, 7, 24, 136, 7),
(8, 8, 25, 136, 8),
(1, 1, 18, 137, 1),
(2, 2, 19, 137, 2),
(3, 3, 20, 137, 3),
(4, 4, 21, 137, 4),
(5, 5, 22, 137, 5),
(6, 6, 23, 137, 6),
(7, 7, 24, 137, 7),
(8, 8, 25, 137, 8),
(1, 1, 18, 138, 1),
(2, 2, 19, 138, 2),
(3, 3, 20, 138, 3),
(4, 4, 21, 138, 4),
(5, 5, 22, 138, 5),
(6, 6, 23, 138, 6),
(7, 7, 24, 138, 7),
(8, 8, 25, 138, 8),
(1, 1, 18, 139, 1),
(2, 2, 19, 139, 2),
(3, 3, 20, 139, 3),
(4, 4, 21, 139, 4),
(5, 5, 22, 139, 5),
(6, 6, 23, 139, 6),
(7, 7, 24, 139, 7),
(8, 8, 25, 139, 8),
(1, 1, 18, 140, 1),
(2, 2, 19, 140, 2),
(3, 3, 20, 140, 3),
(4, 4, 21, 140, 4),
(5, 5, 22, 140, 5),
(6, 6, 23, 140, 6),
(7, 7, 24, 140, 7),
(8, 8, 25, 140, 8),
(1, 1, 18, 141, 1),
(2, 2, 19, 141, 2),
(3, 3, 20, 141, 3),
(4, 4, 21, 141, 4),
(5, 5, 22, 141, 5),
(6, 6, 23, 141, 6),
(7, 7, 24, 141, 7),
(8, 8, 25, 141, 8),
(1, 1, 18, 142, 1),
(2, 2, 19, 142, 2),
(3, 3, 20, 142, 3),
(4, 4, 21, 142, 4),
(5, 5, 22, 142, 5),
(6, 6, 23, 142, 6),
(7, 7, 24, 142, 7),
(8, 8, 25, 142, 8),
(1, 1, 18, 143, 1),
(2, 2, 19, 143, 2),
(3, 3, 20, 143, 3),
(4, 4, 21, 143, 4),
(5, 5, 22, 143, 5),
(6, 6, 23, 143, 6),
(7, 7, 24, 143, 7),
(8, 8, 25, 143, 8),
(1, 1, 18, 144, 1),
(2, 2, 19, 144, 2),
(3, 3, 20, 144, 3),
(4, 4, 21, 144, 4),
(5, 5, 22, 144, 5),
(6, 6, 23, 144, 6),
(7, 7, 24, 144, 7),
(8, 8, 25, 144, 8),
(1, 1, 18, 145, 1),
(2, 2, 19, 145, 2),
(3, 3, 20, 145, 3),
(4, 4, 21, 145, 4),
(5, 5, 22, 145, 5),
(6, 6, 23, 145, 6),
(7, 7, 24, 145, 7),
(8, 8, 25, 145, 8),
(1, 1, 18, 146, 1),
(2, 2, 19, 146, 2),
(3, 3, 20, 146, 3),
(4, 4, 21, 146, 4),
(5, 5, 22, 146, 5),
(6, 6, 23, 146, 6),
(7, 7, 24, 146, 7),
(8, 8, 25, 146, 8),
(1, 1, 18, 147, 1),
(2, 2, 19, 147, 2),
(3, 3, 20, 147, 3),
(4, 4, 21, 147, 4),
(5, 5, 22, 147, 5),
(6, 6, 23, 147, 6),
(7, 7, 24, 147, 7),
(8, 8, 25, 147, 8),
(1, 1, 18, 148, 1),
(2, 2, 19, 148, 2),
(3, 3, 20, 148, 3),
(4, 4, 21, 148, 4),
(5, 5, 22, 148, 5),
(6, 6, 23, 148, 6),
(7, 7, 24, 148, 7),
(8, 8, 25, 148, 8),
(1, 1, 18, 149, 1),
(2, 2, 19, 149, 2),
(3, 3, 20, 149, 3),
(4, 4, 21, 149, 4),
(5, 5, 22, 149, 5),
(6, 6, 23, 149, 6),
(7, 7, 24, 149, 7),
(8, 8, 25, 149, 8),
(1, 1, 18, 150, 1),
(2, 2, 19, 150, 2),
(3, 3, 20, 150, 3),
(4, 4, 21, 150, 4),
(5, 5, 22, 150, 5),
(6, 6, 23, 150, 6),
(7, 7, 24, 150, 7),
(8, 8, 25, 150, 8);

-- --------------------------------------------------------

--
-- Table structure for table `BloodCenter`
--

CREATE TABLE `BloodCenter` (
  `id` int(11) NOT NULL,
  `name` varchar(255) NOT NULL,
  `address` text NOT NULL,
  `fromTime` time NOT NULL,
  `toTime` time NOT NULL,
  `countryid` int(11) DEFAULT NULL,
  `bloodCenterTypeid` int(11) DEFAULT NULL,
  `districtid` int(11) DEFAULT NULL,
  `registrationApproved` tinyint(4) NOT NULL DEFAULT '0'
) ENGINE=InnoDB DEFAULT CHARSET=latin1;

--
-- Dumping data for table `BloodCenter`
--

INSERT INTO `BloodCenter` (`id`, `name`, `address`, `fromTime`, `toTime`, `countryid`, `bloodCenterTypeid`, `districtid`, `registrationApproved`) VALUES
(1, 'General Military Hospital', 'El Mostashfa El Italy St', '08:00:00', '17:00:00', 1, 2, 1, 1),
(2, 'Gamal Abdel Nasr Hospital', 'EL ZAIM Gamal Abd El Naser Rd', '09:00:00', '18:00:00', 1, 2, 1, 1),
(3, 'Zokaileh Medical Center', '64 Abi El Dardaa St', '07:00:00', '18:00:00', 1, 2, 9, 0),
(4, 'University Hospital', 'Koleyet El Teb St', '06:00:00', '17:00:00', 1, 2, 3, 1),
(5, 'The Egyptian British Company For Medical Services', 'Plot 2, 3rd Industrial Zone', '10:00:00', '15:00:00', 1, 2, 4, 1),
(6, 'Royal Hospital', '17 Abd El Kader Ragab St', '11:00:00', '16:00:00', 1, 2, 6, 1),
(7, 'Middle East Specialized Hospital', '25 Fawzy Mouaz St', '12:00:00', '19:00:00', 1, 2, 7, 1),
(8, 'El Madina El Tebeya Hospital', 'Ahmed Shawky St', '09:00:00', '20:00:00', 1, 2, 6, 1),
(9, 'Modern Ophthalmic Center', '15 Mohamed Wagih Ahmed St', '08:00:00', '18:00:00', 1, 2, 8, 1),
(10, 'El Sherouk Hospital', '9 Moustafa Fahmy Basha St', '09:00:00', '18:00:00', 1, 2, 10, 1),
(11, 'Kamel Armed Forces Hospital', 'Portsaid St', '09:00:00', '19:00:00', 1, 2, 11, 1),
(12, 'Cataract Institute International Hospital', '288 Gamal Abd El Naser St', '07:00:00', '19:00:00', 1, 2, 12, 1),
(13, 'Alex Specialized Hospital', '12 Roshdy St', '07:00:00', '16:00:00', 1, 2, 13, 1),
(14, 'Agial Hospital', '2 El Farid Layan St', '11:00:00', '16:00:00', 1, 2, 13, 1),
(15, 'Miami IVF - ICSI Center', '301 Gamal Abd El Naser St', '11:00:00', '15:00:00', 1, 2, 12, 1),
(16, 'Alexandria International Hospital', '20 Mohamed Bahaa El Din El Ghatoury St', '09:00:00', '17:00:00', 1, 2, 7, 1),
(17, 'Alex Vision Center', '52 Tut Ankh Amon St', '08:00:00', '14:00:00', 1, 2, 11, 1),
(18, 'Alex Eye Center', '64 Ismail Serry St', '07:00:00', '15:00:00', 1, 2, 7, 1),
(19, 'El Yousr Hospital', '236 Portsaid St', '09:00:00', '15:00:00', 1, 2, 14, 1),
(20, 'El Mabarra Hospital', '12 Abstoleds St', '08:00:00', '16:00:00', 1, 2, 15, 1),
(21, 'El Kuds Medical Center', 'Takey El Din St', '08:00:00', '17:00:00', 1, 2, 16, 1),
(22, 'Dr Hassab Hospital', '47 Monshaet Moharam Bek St', '07:00:00', '14:00:00', 1, 2, 17, 1),
(23, 'Consulting Eye Clinic - Dr. Ali Metwally El Ghatit', '144 Gamal Abd El Naser St', '07:00:00', '18:00:00', 1, 2, 18, 1),
(24, 'Children University Hospital', 'Dr. Mahmoud Sobhy St', '06:00:00', '14:00:00', 1, 2, 19, 1),
(25, 'Awad Abd ElNaby Center', '9 Khalil El Khayat St', '08:00:00', '15:00:00', 1, 2, 6, 1),
(26, 'Alnozha Hospital', '58 Nabil El Wakad St', '09:00:00', '15:00:00', 1, 2, 17, 1),
(27, 'Cataract International Institute Ophthlamic Surgery', '42 Abd El Salam Aref St', '08:00:00', '18:00:00', 1, 2, 20, 1),
(28, 'German Hospital', '56 Abd El Salam Aref St', '08:00:00', '19:00:00', 1, 2, 20, 1),
(29, 'Alexandria Lithotripsy Center', '211 Portsaid St', '09:00:00', '17:00:00', 1, 2, 14, 1),
(30, 'Alexandria Ear Hospital', '1 Sidi Gaber St', '07:00:00', '16:00:00', 1, 2, 14, 1),
(31, 'Al Salam Specialized Hospital', '59 El Sultan Hussien St', '07:00:00', '12:00:00', 1, 2, 3, 1),
(32, 'Ibrahim Obeid Specialty Hospital', '76 Abd El Salam Aref St', '10:00:00', '14:00:00', 1, 2, 20, 1),
(33, 'El Anba Takla Hospital', '14 Sooq Shedia St', '10:00:00', '19:00:00', 1, 2, 21, 1),
(34, 'Ghazal Ophthalmic Center', '22 Shaarawy St', '11:00:00', '19:00:00', 1, 2, 22, 1),
(35, 'Hussien Hosny Abd Aldaiem', '91 Ahmed Shawky St, El Ashraf Tower', '11:00:00', '19:00:00', 1, 2, 6, 1),
(36, 'International Cardiac Center - ICC', '24 Bahaa El Din El Ghatoury St', '12:00:00', '19:00:00', 1, 2, 7, 1),
(37, 'Nour Alislam Association - Hospital', '67 Abd El Monem Sanad St', '13:00:00', '19:00:00', 1, 2, 23, 1),
(38, 'Zizinia Private Hospital', '9 Amin Yehia St', '10:00:00', '14:00:00', 1, 2, 24, 1),
(39, 'Al Shefaa Hospital', 'Abd El Latif El Sofany St', '10:00:00', '15:00:00', 1, 2, 11, 1),
(40, 'Alex Psychiatric Center', '14 El Masaha St', '10:00:00', '16:00:00', 1, 2, 25, 1),
(41, 'Alexandria Breast Center', '26 El Moaskar El Roumany St', '10:00:00', '17:00:00', 1, 2, 13, 1),
(42, 'Alsalama Specialist Hospital', '59 El Sultan Hussien St', '14:00:00', '17:00:00', 1, 2, 3, 1),
(43, 'Dr Adel Roshdy Specialised Medical Center', '452 El Horeya Rd', '09:00:00', '19:00:00', 1, 2, 13, 1),
(44, 'Dr Ahmed Maher Hospital', 'El Gomhorya Sq', '08:00:00', '10:00:00', 1, 2, 26, 1),
(45, 'Family Care Clinic - FCC', '3 A, El Moaskar El Roumany St', '07:00:00', '12:00:00', 1, 2, 13, 1),
(46, 'Horus Vision Correction Center', '20 Sourya St', '06:00:00', '13:00:00', 1, 2, 13, 1),
(47, 'Rawad Maternateh Hospital', '83 Sidi Gaber St', '06:00:00', '19:00:00', 1, 2, 11, 1),
(48, 'Roushdy Speciality Hospital', '4 Mohamed Bek Gebril St', '10:00:00', '19:00:00', 1, 2, 13, 1),
(49, 'Sidi Gaber Hospital', '336 El Horeya Rd', '10:00:00', '15:00:00', 1, 2, 11, 1),
(50, 'El Raml Children Hospital', 'Mohamed Farid St', '10:00:00', '16:00:00', 1, 2, 27, 1),
(51, 'Bait Elnama Hospital', '5 Albert El Awal St', '10:00:00', '18:00:00', 1, 1, 7, 1),
(52, 'El Maternateh Hospital', '10 Agion St', '14:00:00', '19:00:00', 1, 1, 8, 1),
(53, 'Glim Hospital', '4 Zahran St', '13:00:00', '19:00:00', 1, 1, 10, 1),
(54, 'Sahla Specialized Medical Center', '10 Moharam Bek St', '14:00:00', '19:00:00', 1, 1, 17, 1),
(55, 'Shark El Madina Hospital', 'Khalil Hamada St', '15:00:00', '19:00:00', 1, 1, 12, 1),
(56, 'Specialized Hospital For Gastroentrology And Hepatalogy', '583 El Horeya Rd', '10:00:00', '16:00:00', 1, 1, 10, 1),
(57, 'The Egyptian British Company For Medical Services', '35 Mohamed Bahaa El Din El Ghatoury St', '07:00:00', '17:00:00', 1, 1, 7, 1),
(58, 'University Students Hospital', 'El Horeya Rd', '12:00:00', '17:00:00', 1, 1, 28, 1),
(59, 'Al Ahly Specialized Hospital', '3 Dr. Borgy St.Kafr Abdo', '13:00:00', '15:00:00', 1, 1, 27, 1),
(60, 'El Amin Hospital', '67 Omar Lotfy St', '10:00:00', '20:00:00', 1, 1, 21, 1),
(61, 'Isis Hospital', '34 Izis St', '11:00:00', '21:00:00', 1, 1, 17, 1),
(62, 'Lewaa El Islam Clinic', '57 El Gala St', '13:00:00', '22:00:00', 1, 1, 29, 1),
(63, 'Ophthalmology Hospital', 'Bagour El Meyah In Front Of El Sadat Academy', '10:00:00', '20:00:00', 1, 1, 17, 1),
(64, 'Wham Medical Center', '212 Abd El Salam Aref St', '11:00:00', '14:00:00', 1, 1, 22, 1),
(65, 'Alexandria Cardiac Center', '26 Victor Emanuel St', '14:00:00', '19:00:00', 1, 1, 7, 1),
(66, 'Dr Ahmed Mahmoud El Zoghby', '36 El Rassafa St', '12:00:00', '15:00:00', 1, 1, 17, 1),
(67, 'Dr Montaser Zaid Kidney Treatment', '19 El Sahafa St', '10:00:00', '19:00:00', 1, 1, 9, 1),
(68, 'El Amal Fertility', 'Gamal Abd El Naser St', '10:00:00', '18:00:00', 1, 1, 12, 1),
(69, 'El Anfoushi Hospital For Children', 'El Bahr St', '11:00:00', '16:00:00', 1, 1, 52, 1),
(70, 'El Hedaya Medical Center', '18 Moustafa Basha St', '12:00:00', '14:00:00', 1, 1, 30, 1),
(71, 'El Madina El Monawara Specialized Hospital', '229 Gamal Abd El Naser St', '10:00:00', '18:00:00', 1, 1, 12, 1),
(72, 'El Madina Medical Center', '19 Albert El Awal St', '10:00:00', '17:00:00', 1, 1, 7, 1),
(73, 'El Masrien Hospital', '6 Abu El Akhdar St', '07:00:00', '19:00:00', 1, 1, 26, 1),
(74, 'El Ruby Center', '9 Oraby Sq', '13:00:00', '19:00:00', 1, 1, 9, 1),
(75, 'El Zahraa Specialized Hospital', 'Nariman Sq', '12:00:00', '19:00:00', 1, 1, 1, 1),
(76, 'El Zohor Specialized Hospital', '51 Lamey St', '10:00:00', '13:00:00', 1, 1, 18, 1),
(77, 'Elsabaa Hospital', '8 Mostashfa El Sabae St', '10:00:00', '14:00:00', 1, 1, 12, 1),
(78, 'Fleming Medical Center', '3 Tama Zein St', '10:00:00', '15:00:00', 1, 1, 15, 1),
(79, 'Ibrahim Nada Specialized Hospital', '57 El Tayar Ahmed Seoud St', '10:00:00', '16:00:00', 1, 1, 27, 1),
(80, 'Mabbaret El Hadara Clinic', 'Canal El Mahmoudia St', '10:00:00', '17:00:00', 1, 1, 1, 1),
(81, 'Maternateh El Sahwi Hospital', '19 Saad Zaghloul Sq', '11:00:00', '19:00:00', 1, 1, 3, 1),
(82, 'Poison Treatment Unit', 'Koleyet El Teb St', '12:00:00', '19:00:00', 1, 1, 3, 1),
(83, 'Raas El Teen General Hospital', 'Kasr Ras El Teain St', '13:00:00', '19:00:00', 1, 1, 31, 1),
(84, 'Sidy Aly El Sammak Hospital', '10 Belous St', '14:00:00', '19:00:00', 1, 1, 21, 1),
(85, 'Dar El Araby Labor', '15 El Bolbol St', '06:00:00', '19:00:00', 1, 1, 27, 1),
(86, 'Center Hope And Cure CHC', 'Akl Basha St', '07:00:00', '19:00:00', 1, 1, 18, 1),
(87, 'El Fairouz Hospital', '44 El Sagh Mohamed Abd El Salam St', '08:00:00', '19:00:00', 1, 1, 18, 1),
(88, 'El Moataz Specialized Hospital', '53 Masged El Taebein St', '09:00:00', '19:00:00', 1, 1, 18, 1),
(89, 'Montazah Clinic Hospital', '81 El Malak Hefny St', '10:00:00', '14:00:00', 1, 1, 18, 1),
(90, 'Neurology Diagnostic Center', '20 Masged El Hedaya St', '10:00:00', '13:00:00', 1, 1, 27, 1),
(91, 'Port Said Medical Center', '63 Portsaid St', '10:00:00', '16:00:00', 1, 1, 23, 1),
(92, 'Abdel Moneim Gaber Hospital', 'El Huonville 2000 City', '10:00:00', '15:00:00', 1, 1, 32, 1),
(93, 'Al Ahram Specialized Hospital', '98 St', '10:00:00', '17:00:00', 1, 1, 33, 1),
(94, 'El Fath Hospital', '27 Al Fateh St', '10:00:00', '18:00:00', 1, 1, 34, 1),
(95, 'El Haddad Medical Center', 'El Shahid Tayar Sabry Abd El Wahab St', '08:00:00', '13:00:00', 1, 1, 2, 1),
(96, 'El Haramain Stationery', '3 Ibn El Lebad St. & El Prince Ibrahim St', '14:00:00', '19:00:00', 1, 1, 1, 1),
(97, 'El Wafaa Hospital', '54 El Betash St', '10:00:00', '20:00:00', 1, 1, 35, 1),
(98, 'Ghabor Hospital', '28 Taghour St', '10:00:00', '21:00:00', 1, 1, 36, 1),
(99, 'Jeddah Hospital', '90 Hassan Ebeid St', '11:00:00', '20:00:00', 1, 1, 37, 1),
(100, 'Karmouz Hospital', 'El Khedewy St', '12:00:00', '19:00:00', 1, 1, 38, 1),
(101, 'Okba Ibn Nafea Hospital', '1 23 St', '13:00:00', '15:00:00', 1, 1, 33, 1),
(102, 'Tiba Hospital', 'Gamal Abdel Nasser Rd', '11:00:00', '18:00:00', 1, 1, 29, 1),
(103, 'Victoria Hospital', 'Masged Abu Nagy St', '13:00:00', '17:00:00', 1, 1, 39, 1),
(104, 'Abu El Abbas El Khairy Clinic', 'El Masaged Sq', '12:00:00', '18:00:00', 1, 1, 40, 1),
(105, 'Abu Hendeya Hospital', 'Agyad Maka St', '11:00:00', '20:00:00', 1, 1, 32, 1),
(106, 'Adel Abu Kammar Hospital', 'El Aziz El Rahman St', '09:00:00', '12:00:00', 1, 1, 1, 1),
(107, 'Al Emam Medical Complex', 'Gamal Abd El Naser St', '06:00:00', '16:00:00', 1, 1, 33, 1),
(108, 'Al Romany Hospital', '39 St', '07:00:00', '17:00:00', 1, 1, 1, 1),
(109, 'Alex Liver Diseases', '16 El Iskandar El Akbar St', '08:00:00', '18:00:00', 1, 1, 36, 1),
(110, 'Aya Islamic Medical Center', '27 Riad Basha St', '09:00:00', '19:00:00', 1, 1, 34, 1),
(111, 'Badr Medical Center', '30 Ibn El Sayar St', '07:00:00', '20:00:00', 1, 1, 41, 1),
(112, 'Dr Hamdy El Sayed Hospital', '10 El Aman St', '11:00:00', '19:00:00', 1, 1, 37, 1),
(113, 'Egyptian Danish Medical Institute', '21 El Gabarty St', '12:00:00', '19:00:00', 1, 1, 28, 1),
(114, 'El Emary Charity Hospital', '4 Abi El Dardaa St', '13:00:00', '19:00:00', 1, 1, 42, 1),
(115, 'El Gazam Hospital', 'Km 25 Cairo Alexandria Desert Rd', '14:00:00', '19:00:00', 1, 1, 43, 1),
(116, 'El Kabbari General Hospital', 'El Amir Loulou St', '15:00:00', '19:00:00', 1, 1, 41, 1),
(117, 'El Saad Specialized Hospital', 'El Rahmah St', '16:00:00', '19:00:00', 1, 1, 44, 1),
(118, 'El Sahaba Hospital', '1 Ishak St', '10:00:00', '11:00:00', 1, 1, 45, 1),
(119, 'El Salam Association For Development Clinic', 'Gamal Abd El Naser St', '10:00:00', '12:00:00', 1, 1, 46, 1),
(120, 'El Wardeyan Specialized Hospital', '40 El Noury St', '10:00:00', '13:00:00', 1, 1, 37, 1),
(121, 'Essam Medical Center', '115 Ismail Mohana St', '10:00:00', '14:00:00', 1, 1, 42, 1),
(122, 'Faisal Family Medical Unit', 'Faisal City', '10:00:00', '15:00:00', 1, 1, 18, 1),
(123, 'Fatma El Zahraa Hospital', 'EL Huonvill Rd', '10:00:00', '16:00:00', 1, 1, 32, 1),
(124, 'Ibn Sina Medical Center', 'Gate 8', '10:00:00', '19:00:00', 1, 1, 47, 1),
(125, 'International Fertility Center', '695 El Horeya Rd', '10:00:00', '17:00:00', 1, 1, 22, 1),
(126, 'Mabaret El Nakhil Hospital', 'Km 21 Alexandria Matrouh Desert Rd', '10:00:00', '18:00:00', 1, 1, 47, 1),
(127, 'Mabaret El Seyouf Center', '126 Ahmed Abu Soliman St', '06:00:00', '11:00:00', 1, 1, 53, 1),
(128, 'Mecca Specialized Hospital', 'Talaat Moustafa Bldg', '07:00:00', '12:00:00', 1, 1, 32, 1),
(129, 'Salah Alawady Hospital', 'Dr. Rashad Swidan St', '05:00:00', '13:00:00', 1, 1, 35, 1),
(130, 'Mabaret Alasafra Hospital', '432 Malak Hefny St', '05:00:00', '17:00:00', 1, 1, 33, 1),
(131, 'El Salama El Gededa Hospital', '7 Mohamed Mohamed Metawea St', '06:00:00', '17:00:00', 1, 1, 51, 1),
(132, 'PETROLEUM HOSPITAL - Oil Sector Workers', '68 El Fath St', '10:00:00', '19:00:00', 1, 1, 15, 1),
(133, 'Safwa Laser Vision Center', '26 Fawzy Mouaz St', '08:00:00', '14:00:00', 1, 1, 7, 1),
(134, 'Yousof Ebeid Rezk Ebeid', '58 El Toufy St', '10:00:00', '14:00:00', 1, 1, 17, 1),
(135, 'El Shatby For Obstetricians And Gynecologists', 'Portsaid St', '10:00:00', '15:00:00', 1, 1, 19, 1),
(136, 'Kasr El Hekma Hospital', '5 Adib Ishak St', '15:00:00', '19:00:00', 1, 1, 3, 1),
(137, 'New Borg El Arab Hospital', 'Borg El Arab City', '16:00:00', '19:00:00', 1, 1, 5, 1),
(138, 'Nour Medical Center For Eye Surgery & Contact Lenses', '26 Hippocrates St', '12:00:00', '19:00:00', 1, 1, 36, 1),
(139, 'International Kidney Center', '35 Abd El Fattah El Tawil St', '12:00:00', '20:00:00', 1, 1, 15, 1),
(140, 'Gad Specialized Hospital', '1 El Bousiry St', '12:00:00', '20:00:00', 1, 1, 40, 1),
(141, 'Regional Center for Blood Transfusion', 'Dr. Abdul Qader Abu Aqada Square Ambulance Complex', '12:00:00', '19:00:00', 1, 1, 48, 1),
(142, 'Egyptian Red Crescent Blood Bank', '154 Souk Street', '12:00:00', '17:00:00', 1, 1, 34, 1),
(143, 'Republic Center', 'Al - Mahmudiya Canal Street in front of the Ragheb Bridge', '12:00:00', '16:00:00', 1, 1, 7, 1),
(144, 'Ras Al Teen Center', 'Qasr Ras El Teen Street next to the Palace of Culture', '11:00:00', '15:00:00', 1, 1, 50, 1),
(145, 'Fever Hospital', 'Eissa Hamdy Emberouz WA Moharram Beik Qism Moharram Bek', '09:00:00', '15:00:00', 1, 1, 17, 1),
(146, 'Central Amreya Center', 'Alexandria Amiriya Hajj Street Cherkaoui', '08:00:00', '18:00:00', 1, 1, 43, 1),
(147, 'Abokir Country Center', 'Abokir Country', '13:00:00', '19:00:00', 1, 1, 49, 1),
(148, 'Borg El Arab Center', 'Borg El Arab in front of police station', '13:00:00', '18:00:00', 1, 1, 4, 1),
(149, 'Life Share Blood Center', '2051 North Mall Drive Alexandria', '13:00:00', '17:00:00', 1, 1, 10, 1),
(150, 'Genome For Laboratories Supply & Blood Banks', '45 Mekka Bldg,Bahaa ElDin El Ghatoury St', '10:00:00', '16:00:00', 1, 1, 7, 1);

-- --------------------------------------------------------

--
-- Table structure for table `BloodCenterType`
--

CREATE TABLE `BloodCenterType` (
  `id` int(11) NOT NULL,
  `name` varchar(30) NOT NULL
) ENGINE=InnoDB DEFAULT CHARSET=latin1;

--
-- Dumping data for table `BloodCenterType`
--

INSERT INTO `BloodCenterType` (`id`, `name`) VALUES
(1, 'Fixed'),
(2, 'Mobile');

-- --------------------------------------------------------

--
-- Table structure for table `BloodType`
--

CREATE TABLE `BloodType` (
  `id` int(11) NOT NULL,
  `name` varchar(30) NOT NULL
) ENGINE=InnoDB DEFAULT CHARSET=latin1;

--
-- Dumping data for table `BloodType`
--

INSERT INTO `BloodType` (`id`, `name`) VALUES
(1, 'A+'),
(2, 'A-'),
(5, 'AB+'),
(6, 'AB-'),
(3, 'B+'),
(4, 'B-'),
(7, 'O+'),
(8, 'O-');

-- --------------------------------------------------------

--
-- Table structure for table `Center`
--

CREATE TABLE `Center` (
  `phone` int(11) DEFAULT NULL,
  `email` text,
  `bloodCenterid` int(11) DEFAULT NULL,
  `centerTypeid` int(11) DEFAULT NULL
) ENGINE=InnoDB DEFAULT CHARSET=latin1;

--
-- Dumping data for table `Center`
--

INSERT INTO `Center` (`phone`, `email`, `bloodCenterid`, `centerTypeid`) VALUES
(34241217, 'rkobes@icloud.com', 51, 2),
(34293283, 'uqmcolyv@sbcglobal.net', 52, 2),
(35836312, 'ribet@icloud.com', 53, 2),
(33901468, 'peoplesr@gmail.com', 54, 2),
(35499920, 'jdhedden@mac.com', 55, 2),
(35777357, 'nelson@mac.com', 56, 2),
(34227722, 'adillon@me.com', 57, 2),
(34256182, 'dmbkiwi@mac.com', 58, 2),
(35227208, 'aibrahim@verizon.net', 59, 2),
(37281728, 'ccohen@sbcglobal.com', 60, 2),
(33905958, 'wenzlaff@sbcglobal.net', 61, 2),
(35278775, 'cparis@mac.com', 62, 2),
(33936109, 'barnett@comcast.net', 63, 2),
(35841043, 'malvar@icloud.com', 64, 2),
(35452519, 'jfmulder@aol.com', 65, 2),
(33902781, 'rohitm@me.com', 66, 2),
(34849977, 'dwendlan@aol.com', 67, 2),
(35552216, 'baveja@comcast.net', 68, 2),
(34803937, 'jfriedl@comcast.net', 69, 2),
(34812744, 'ournews@mac.com', 70, 2),
(35499122, 'bulletin@live.com', 71, 2),
(34240282, 'jugalator@optonline.net', 72, 2),
(34958800, 'phish@msn.com', 73, 2),
(34841921, 'netsfr@aol.com', 74, 2),
(34288808, 'wikinerd@yahoo.com', 75, 2),
(35252201, 'rhialto@live.com', 76, 2),
(35486826, 'aegreene@comcast.net', 77, 2),
(35840112, 'frosal@aol.com', 78, 2),
(35452332, 'mdielmann@yahoo.ca', 79, 2),
(34251437, 'matloff@msn.com', 80, 2),
(34873485, 'mpiotr@optonline.net', 81, 2),
(34862244, 'killmenow@yahoo.ca', 82, 2),
(34860574, 'malin@att.net', 83, 2),
(35920871, 'demmel@verizon.net', 84, 2),
(35460355, 'jfriedl@sbcglobal.net', 85, 2),
(35291745, 'horrocks@comcast.net', 86, 2),
(35564066, 'wildfire@sbcglobal.net', 87, 2),
(35274827, 'dcoppit@live.com', 88, 2),
(35365740, 'subir@icloud.com', 89, 2),
(35846658, 'aegreene@msn.com', 90, 2),
(35913401, 'empathy@att.net', 91, 2),
(34396670, 'isotopian@outlook.com', 92, 2),
(35538401, 'odlyzko@hotmail.com', 93, 2),
(35826768, 'falcao@optonline.net', 94, 2),
(33806300, 'gslondon@sbcglobal.net', 95, 2),
(34201061, 'pedwards@hotmail.com', 96, 2),
(34362898, 'mschwartz@yahoo.ca', 97, 2),
(34837007, 'evans@optonline.net', 98, 2),
(34444799, 'hellfire@yahoo.ca', 99, 2),
(33603358, 'carreras@aol.com', 100, 2),
(35337100, 'rkobes@icloud.com', 101, 1),
(33590666, 'shang@live.com', 102, 1),
(32203959, 'gboss@live.com', 103, 1),
(34814022, 'bolow@yahoo.com', 104, 1),
(34344612, 'retoh@mac.com', 105, 1),
(33827073, 'noticias@att.net', 106, 1),
(35549127, 'eidac@att.net', 107, 1),
(35549127, 'caidaperl@msn.com', 108, 1),
(34863917, 'russotto@optonline.net', 109, 1),
(35749369, 'parasite@sbcglobal.net', 110, 1),
(34410760, 'smeier@sbcglobal.net', 111, 1),
(34400660, 'campbell@att.net', 112, 1),
(33913417, 'birddog@gmail.com', 113, 1),
(33924133, 'pavel@att.net', 114, 1),
(34700174, 'kawasaki@me.com', 115, 1),
(34408281, 'cderoove@hotmail.com', 116, 1),
(35180242, 'jemarch@outlook.com', 117, 1),
(35745551, 'marcs@me.com', 118, 1),
(35574785, 'boftx@live.com', 119, 1),
(34437565, 'attwood@msn.com', 120, 1),
(33917017, 'kobayasi@verizon.net', 121, 1),
(35333142, 'ylchang@mac.com', 122, 1),
(34362666, 'hmbrand@hotmail.com', 123, 1),
(34346788, 'mcrawfor@mac.com', 124, 1),
(35743615, 'stomv@sbcglobal.net', 125, 1),
(33182137, 'gslondon@live.com', 126, 1),
(35045238, 'ahmad@gmail.com', 127, 1),
(33010600, 'evans@verizon.net', 128, 1),
(33091744, 'haddawy@yahoo.ca', 129, 1),
(35506633, 'yangyan@msn.com', 130, 1),
(34836719, 'themer@hotmail.com', 131, 1),
(35847813, 'gfxguy@yahoo.com', 132, 1),
(34257420, 'arachne@yahoo.com', 133, 1),
(34966629, 'kempsonc@gmail.com', 134, 1),
(34833643, 'jginspace@mac.com', 135, 1),
(34808732, 'noneme@yahoo.ca', 136, 1),
(34595036, 'tezbo@hotmail.com', 137, 1),
(34842401, 'ubergeeb@me.com', 138, 1),
(35449829, 'isotopian@live.com', 139, 1),
(34811630, 'njpayne@aol.com', 140, 1),
(34951963, 'bogjobber@live.com', 141, 1),
(35030502, 'tbeck@gmail.com', 142, 1),
(33624238, 'frosal@sbcglobal.net', 143, 1),
(34860574, 'zwood@aol.com', 144, 1),
(34293143, 'sthomas@comcast.net', 145, 1),
(34480013, 'esasaki@icloud.com', 146, 1),
(35624444, 'teverett@hotmail.com', 147, 1),
(34595036, 'afeldspar@optonline.net', 148, 1),
(1018445743, 'malattia@me.com', 149, 1),
(34274846, 'sblack@outlook.com', 150, 1);

-- --------------------------------------------------------

--
-- Table structure for table `CenterType`
--

CREATE TABLE `CenterType` (
  `id` int(11) NOT NULL,
  `name` varchar(30) NOT NULL
) ENGINE=InnoDB DEFAULT CHARSET=latin1;

--
-- Dumping data for table `CenterType`
--

INSERT INTO `CenterType` (`id`, `name`) VALUES
(1, 'Blood Bank'),
(2, 'Hospital');

-- --------------------------------------------------------

--
-- Table structure for table `Country`
--

CREATE TABLE `Country` (
  `id` int(11) NOT NULL,
  `name` varchar(30) NOT NULL
) ENGINE=InnoDB DEFAULT CHARSET=latin1;

--
-- Dumping data for table `Country`
--

INSERT INTO `Country` (`id`, `name`) VALUES
(1, 'Alexandria'),
(2, 'Cairo');

-- --------------------------------------------------------

--
-- Table structure for table `Distirct`
--

CREATE TABLE `Distirct` (
  `id` int(11) NOT NULL,
  `name` varchar(30) NOT NULL
) ENGINE=InnoDB DEFAULT CHARSET=latin1;

--
-- Dumping data for table `Distirct`
--

INSERT INTO `Distirct` (`id`, `name`) VALUES
(52, 'Abi EL Abbas'),
(49, 'Abokir'),
(43, 'Al Amreya'),
(53, 'Al Awaid'),
(31, 'Anfoshi'),
(28, 'Bab Sharq'),
(30, 'Bahary'),
(34, 'Bakous'),
(25, 'Bolkeley'),
(27, 'Bolkly'),
(4, 'Borg El Arab'),
(5, 'Borg El Arab El Gedeid'),
(23, 'Camp Cesar'),
(47, 'El Agamy'),
(33, 'El Asafra'),
(42, 'El Attarein'),
(36, 'El Azareta'),
(35, 'El Betash'),
(39, 'El Dekheila'),
(40, 'El Gomrok'),
(1, 'El Hadra'),
(2, 'El Hadra El Gedeida'),
(32, 'El Huonville'),
(21, 'El Ibrahimia'),
(41, 'El Kabary'),
(46, 'El Mandara'),
(9, 'El Manshia'),
(16, 'El Ras El Soda'),
(51, 'El Shalalat'),
(19, 'El Shatby'),
(37, 'El Wardian'),
(15, 'Fleming'),
(10, 'Gleim'),
(38, 'Karmouz'),
(44, 'Khorshed'),
(48, 'Kom Dokka'),
(22, 'Loran'),
(3, 'Mahatet El Raml'),
(26, 'Mahatet Misr'),
(12, 'Miami'),
(17, 'Moharam Bek'),
(6, 'Moustafa Kamel'),
(50, 'Ras El Teen'),
(13, 'Roshdy'),
(20, 'Saba Basha'),
(45, 'Sheds'),
(18, 'Sidi Beshr'),
(11, 'Sidi Gaber'),
(7, 'Smouha'),
(14, 'Sporting'),
(29, 'Victoria'),
(8, 'Wabor Al Miyah'),
(24, 'Zezenya');

-- --------------------------------------------------------

--
-- Table structure for table `Members`
--

CREATE TABLE `Members` (
  `id` int(11) NOT NULL,
  `username` varchar(100) NOT NULL,
  `password` varchar(100) NOT NULL,
  `fname` varchar(100) NOT NULL,
  `lname` varchar(100) NOT NULL,
  `email` varchar(255) DEFAULT NULL,
  `phone` int(11) DEFAULT NULL,
  `bloodCenterid` int(11) DEFAULT NULL,
  `adminLevel` tinyint(4) NOT NULL DEFAULT '1',
  `registrationApproved` tinyint(4) NOT NULL DEFAULT '0'
) ENGINE=InnoDB DEFAULT CHARSET=latin1;

--
-- Dumping data for table `Members`
--

INSERT INTO `Members` (`id`, `username`, `password`, `fname`, `lname`, `email`, `phone`, `bloodCenterid`, `adminLevel`, `registrationApproved`) VALUES
(1, 'Burton', '0e8a18957406b57fe696888ee7b3e0f3', 'Antoine', 'Schultz', 'raides@optonline.net', 1213141516, 1, 1, 1),
(2, 'Ward', '01a49ad9fd88d817c00afb0fa7922f08', 'Phoenix', 'Munoz', 'sakusha@att.net', 1213141516, 2, 1, 1),
(3, 'Cain', 'a60937bb257b0894a881bb40512831a6', 'Estrella', 'Harvey', 'mnemonic@att.net', 1213141516, 3, 1, 1),
(4, 'Mueller', '90ac41c1d187ebda94c62a03153b56b1', 'Emmett', 'Travis', 'pajas@msn.com', 1213141516, 4, 1, 1),
(5, 'Thompson', 'f392ed111cfd54078dbe41b6ca126b99', 'Kobe', 'Booker', 'mdielmann@yahoo.com', 1213141516, 5, 1, 1),
(6, 'Lutz', '4b482349a087b158c55987a3d9c59801', 'Jaylan', 'Griffith', 'guialbu@yahoo.com', 1213141516, 6, 1, 1),
(7, 'Orozco', '02521971b5831f941d60f003dd676d34', 'Royce', 'Carrillo', 'afeldspar@outlook.com', 1213141516, 7, 1, 1),
(8, 'Norman', '96c2d71a36664693ed3a471e8622faae', 'Abril', 'Sloan', 'tfinniga@optonline.net', 1213141516, 8, 1, 1),
(9, 'Lara', '350804abdeea54e254c4726638f0257e', 'Meadow', 'Moyer', 'bonmots@optonline.net', 1213141516, 9, 1, 1),
(10, 'Horton', '877eaaaa6dc9ec75380a543617b5de93', 'Jase', 'Miranda', 'meinkej@sbcglobal.net', 1213141516, 10, 1, 1),
(11, 'Montoya', 'c11f428ce9239e7cadcd879335b37bc7', 'Neil', 'Woodard', 'oechslin@verizon.net', 1213141516, 11, 1, 1),
(12, 'Coffey', 'f63f42eef6d5a481a8ef2c88bc51602b', 'Kayley', 'Oconnell', 'cgarcia@msn.com', 1213141516, 12, 1, 1),
(13, 'Mccoy', '91edae87b9effdb305be7bda027cef61', 'Rodney', 'Wu', 'mcrawfor@mac.com', 1213141516, 13, 1, 1),
(14, 'Henderson', '3d00eaba9dcfa60595a29fa9708c1da0', 'Zaire', 'Bauer', 'oneiros@msn.com', 1213141516, 14, 1, 1),
(15, 'Phillips', '1b6bb0ac7333e850640c9ebae041b08e', 'Lea', 'Wells', 'paina@msn.com', 1213141516, 15, 1, 1),
(16, 'Bush', '940034e927af83e00cdd7b3fc29f0ba7', 'Adriana', 'Maynard', 'hachi@me.com', 1213141516, 16, 1, 1),
(17, 'Turner', '5dc5a66fbaba7e8956767c50b512a106', 'Fernanda', 'Pacheco', 'lishoy@msn.com', 1213141516, 17, 1, 1),
(18, 'Waller', 'b8c50be2fa89089d1e998d1dd6b51542', 'Grayson', 'Andrews', 'ewaters@me.com', 1213141516, 18, 1, 1),
(19, 'Nichols', '59d7ae1774ebb214071c04e85e0d7a57', 'Celeste', 'Bishop', 'forsberg@msn.com', 1213141516, 19, 1, 1),
(20, 'Mcneil', '9cd810464b9ee923dedfd75c003d9716', 'Amr', 'Hamdy', 'aah@gmail.com', 1226267121, 38, 1, 1),
(21, 'Bruce', '35cea04faba793397039a045bf1c511b', 'Heidy', 'Vasquez', 'formis@yahoo.com', 1213141516, 21, 1, 1),
(22, 'Robinson', '263836cc93efe0c4223909094c1e0ae9', 'Alvaro', 'Greer', 'webteam@sbcglobal.net', 1213141516, 22, 1, 1),
(23, 'Hebert', 'a72caf78300518458cc4219a333b3cbe', 'Melvin', 'Hunt', 'bryanw@mac.com', 1213141516, 23, 1, 1),
(24, 'Sims', 'df9d3fcdf0dc4c074733948c5b068959', 'Darnell', 'Bush', 'punkis@outlook.com', 1213141516, 24, 1, 1),
(25, 'Floyd', 'a65997466fbfae480a21cd76164013d7', 'Kadyn', 'Thompson', 'jdhedden@aol.com', 1213141516, 25, 1, 1),
(26, 'Watkins', '02a689ff0c0d9f6920d7804ddf522398', 'Donovan', 'Arroyo', 'tlinden@comcast.net', 1213141516, 26, 1, 1),
(27, 'Browning', '4a3498ecea0864ed43192dedc37c4cfd', 'Maci', 'Contreras', 'ranasta@comcast.net', 1213141516, 27, 1, 1),
(28, 'Cruz', '890446c16171051640c50c5fdf6a29b2', 'Jarrett', 'Church', 'rcwil@icloud.com', 1213141516, 28, 1, 1),
(29, 'Noble', 'ac8968a8cc0b60386cddfc6db3276425', 'Alexis', 'Fisher', 'dinther@yahoo.com', 1213141516, 29, 1, 1),
(30, 'Hunt', 'cf18e7a67da1d8a141b521170463d749', 'Kameron', 'Matthews', 'barjam@optonline.net', 1213141516, 30, 1, 1),
(31, 'Cox', '65ceec1cf0c6d7d3571d863167de9535', 'Isaiah', 'Hansen', 'nasarius@yahoo.ca', 1213141516, 31, 1, 1),
(32, 'Medina', '1a3a5c251e5f4f86f9910591bd8634de', 'Case', 'Daugherty', 'raides@optonline.net', 1213141516, 32, 1, 1),
(33, 'Stevens', 'bd901fd49eafe1d5228d04cb73801179', 'Fernando', 'Knight', 'bartlett@live.com', 1213141516, 33, 1, 1),
(34, 'Gilbert', 'a77bac9455aab79dfeee3d49ade00c2e', 'Tristen', 'Waters', 'rkobes@optonline.net', 1213141516, 34, 1, 1),
(35, 'Beltran', '0e417223bf73e43f0ea6391acc5727bc', 'Enrique', 'Jimenez', 'nogin@me.com', 1213141516, 35, 1, 1),
(36, 'Ibarra', 'c004c60ead91d3da3d31019c5a3a643a', 'Heaven', 'Michael', 'lstaf@yahoo.ca', 1213141516, 36, 1, 1),
(37, 'Chen', '7d131bf84183a6c34449c0c1738dd57d', 'Macey', 'Sosa', 'bruck@mac.com', 1213141516, 37, 1, 1),
(38, 'Ferrell', 'a6d715e716c07c70668c97881f7b9011', 'Mya', 'Stevens', 'subir@icloud.com', 1213141516, 38, 1, 1),
(39, 'Proctor', '1ba3a0994e79831fe2a86f512ce51929', 'Asa', 'Rowe', 'jimmichie@outlook.com', 1213141516, 39, 1, 1),
(40, 'Shields', 'b9d157b75db63e20ddde15c603d20d6c', 'Jamarcus', 'Manning', 'frostman@aol.com', 1213141516, 40, 1, 1),
(41, 'Arias', '0cdeff0ed08568bd4207d84cac6aa696', 'Corbin', 'Good', 'chaffar@yahoo.ca', 1213141516, 41, 1, 1),
(42, 'Snow', '505525a29e9850ec12d2153415f02a7f', 'Aracely', 'Vaughn', 'ullman@aol.com', 1213141516, 42, 1, 1),
(43, 'Grant', 'ca78225a5db5c52aace6c0ee12bc8186', 'Jayce', 'Sawyer', 'amimojo@comcast.net', 1213141516, 43, 1, 1),
(44, 'Barrett', '65afb585a6199e0b18faa630a50479b0', 'Abraham', 'Cervantes', 'petersko@msn.com', 1213141516, 44, 1, 1),
(45, 'Hutchinson', '73babcc9d1a064b22cc50105093a1482', 'Janiah', 'Peck', 'maneesh@msn.com', 1213141516, 45, 1, 1),
(46, 'Hodge', 'e8f20674b7c292a45b6e737cd35064ad', 'Liam', 'David', 'arnold@me.com', 1213141516, 46, 1, 1),
(47, 'Hooper', '3bc8d5fe7046c1f8877daa0d6ee4f245', 'Malcolm', 'Simpson', 'sinkou@sbcglobal.net', 1213141516, 47, 1, 1),
(48, 'Richards', '3a34f4695f4dca6b6bd6e81759370e49', 'Gretchen', 'Santos', 'malvar@gmail.com', 1213141516, 48, 1, 1),
(49, 'Hayden', '1d91766722d69b5f9e385776b711a73e', 'Reid', 'Lozano', 'amimojo@verizon.net', 1213141516, 49, 1, 1),
(50, 'Edwards', 'bffa9d580654de0502efaa2c8d216829', 'Riley', 'Ayers', 'penna@aol.com', 1213141516, 50, 1, 1),
(51, 'Harrington', 'ca16d0beeff1f4f7475e9c581396ae59', 'Miya', 'Blake', 'haddawy@att.net', 1213141516, 51, 1, 1),
(52, 'Pugh', '76eb80e984539fe2a0a9726c07b9462b', 'Marcel', 'Goodwin', 'murty@outlook.com', 1213141516, 52, 1, 1),
(53, 'Norris', 'c07f61a203cd8aba6eaca034c3a7c3fd', 'Phillip', 'Potter', 'slaff@aol.com', 1213141516, 53, 1, 1),
(54, 'Livingston', 'dd8004b1d22cecbab028f09fd4a17992', 'Isiah', 'Rojas', 'smcnabb@gmail.com', 1213141516, 54, 1, 1),
(55, 'Figueroa', '1e6b115e1a3126e01dca18a0e8b19b88', 'Tyler', 'Acevedo', 'tellis@msn.com', 1213141516, 55, 1, 1),
(56, 'Chavez', 'e5171b1fbb292e2e5cc05b2d68cb0bf9', 'Esmeralda', 'Fox', 'jhardin@gmail.com', 1213141516, 56, 1, 1),
(57, 'Goodwin', 'da70fa5a5564dcfea83d3ff0dfed0ea2', 'Cedric', 'Hodge', 'bdbrown@mac.com', 1213141516, 57, 1, 1),
(58, 'Crane', 'ab4f691d4518fea227d479e4e64a77a8', 'Jamari', 'Carr', 'qrczak@comcast.net', 1213141516, 58, 1, 1),
(59, 'Jacobs', '388cc75006d94461536425f1aa86a278', 'Desirae', 'Johnson', 'scottlee@msn.com', 1213141516, 59, 1, 1),
(60, 'Krueger', 'fab3e39bf6e7055740e727443fcf4d5b', 'Janelle', 'Snow', 'jimxugle@yahoo.ca', 1213141516, 60, 1, 1),
(61, 'Olson', 'b85020d9f3a51f176707457768b76882', 'Eduardo', 'Juarez', 'kassiesa@me.com', 1213141516, 61, 1, 1),
(62, 'Bradshaw', 'd28c7263dab29a2dff1d28a8359da761', 'Eliza', 'Stein', 'grdschl@icloud.com', 1213141516, 62, 1, 1),
(63, 'Kennedy', '7f05eca09f1becbcdee48e1cbbfd747b', 'Frederick', 'Trevino', 'qmacro@gmail.com', 1213141516, 63, 1, 1),
(64, 'Salinas', '6bc7cdbc69e48814ce7aab765230cad3', 'Tara', 'Payne', 'lridener@icloud.com', 1213141516, 64, 1, 1),
(65, 'Lowery', '29ca47330018e6d2e023f7d8bd3df087', 'Naomi', 'Duncan', 'bartlett@sbcglobal.net', 1213141516, 65, 1, 1),
(66, 'Mayer', '4120f2ee3055409a3ff819511a405dd2', 'Cadence', 'Wall', 'jmgomez@aol.com', 1213141516, 66, 1, 1),
(67, 'Schmidt', 'd5ff6c8c143dae7d61049fa49817b6ad', 'Giovanna', 'Wiley', 'kaiser@me.com', 1213141516, 67, 1, 1),
(68, 'Wells', 'ac9d984699724d36c95a61c56d58eae0', 'Maurice', 'Greene', 'singer@yahoo.ca', 1213141516, 68, 1, 1),
(69, 'York', 'dc66c7a33002052338da96eee67a3946', 'Hudson', 'Lane', 'oster@verizon.net', 1213141516, 69, 1, 1),
(70, 'Franco', 'fe408f3ef53107b663672d4a5bd02596', 'Leonel', 'Wyatt', 'dsugal@sbcglobal.net', 1213141516, 70, 1, 1),
(71, 'Peterson', '360e3a8f0f68db382efb932028bc601b', 'Orlando', 'Conley', 'rogerspl@icloud.com', 1213141516, 71, 1, 1),
(72, 'Mays', '445c73b39d76037610dfb798d64342c0', 'Santiago', 'Clayton', 'johndo@outlook.com', 1213141516, 72, 1, 1),
(73, 'Roberts', '14677da7254106fbeea05662879e6e3f', 'Gisselle', 'Reese', 'ilyaz@me.com', 1213141516, 73, 1, 1),
(74, 'Summers', '7f36791fd94493f3f6ddf05b9a5899eb', 'Trey', 'Ferrell', 'garland@hotmail.com', 1213141516, 74, 1, 1),
(75, 'Prince', '81454d4015e96d84094999498c86ab0f', 'Troy', 'Haas', 'makarow@icloud.com', 1213141516, 75, 1, 1),
(76, 'Castaneda', '4ae97c95aad07acf1106bfe3749c1f84', 'Salvatore', 'Marks', 'kudra@yahoo.com', 1213141516, 76, 1, 1),
(77, 'Benitez', '3167611223cdb53c965757b5a34d49d7', 'Marlene', 'Cordova', 'benits@yahoo.ca', 1213141516, 77, 1, 1),
(78, 'Reid', '59587fad3f4b2b891d100504670dfc65', 'Danica', 'Blair', 'pdbaby@mac.com', 1213141516, 78, 1, 1),
(79, 'Parker', 'cd7b0c3a6f4819e1c609ae7ea8cb1d05', 'Jaeden', 'Patrick', 'matloff@optonline.net', 1213141516, 79, 1, 1),
(80, 'Sexton', 'c5bea67d471f775791ba42562e5955f9', 'Lainey', 'Garcia', 'bartak@aol.com', 1213141516, 80, 1, 1),
(81, 'Bird', 'd2321709ba59cc8249b7a2e940b869f4', 'Destiny', 'Malone', 'msusa@hotmail.com', 1213141516, 81, 1, 1),
(82, 'Jarvis', 'fe7d64f7290119776df1ed5a0be08d1b', 'Eva', 'Olsen', 'chunzi@att.net', 1213141516, 82, 1, 1),
(83, 'Velazquez', '6fa2abe08b836424b4b54ca8a52e7222', 'Brogan', 'Mcbride', 'demmel@aol.com', 1213141516, 83, 1, 1),
(84, 'Rivers', '60e0c0c65d732e7f1010087ef127fa64', 'Keshawn', 'Gould', 'gemmell@me.com', 1213141516, 84, 1, 1),
(85, 'Miller', '2097eae25ecc1d3d327287086ed2690d', 'Cohen', 'Fields', 'sinkou@mac.com', 1213141516, 85, 1, 1),
(86, 'Lawson', '06e0cabbc512195e394ef326beeb13a6', 'Ben', 'Berger', 'airship@yahoo.com', 1213141516, 86, 1, 1),
(87, 'Avila', '73244ed0fd4550bb01760b55c817a361', 'Angelica', 'Lin', 'citizenl@mac.com', 1213141516, 87, 1, 1),
(88, 'Mullen', 'c36a49f955fb363822901b7193448595', 'Kieran', 'Frank', 'dkrishna@hotmail.com', 1213141516, 88, 1, 1),
(89, 'Singh', 'a65c20d65983d7512b8b8bcfee630f51', 'Eliezer', 'Jarvis', 'haddawy@mac.com', 1213141516, 89, 1, 1),
(90, 'Rojas', 'bc324d76e637963c281fcf99ff8226ad', 'Stanley', 'Martin', 'janneh@att.net', 1213141516, 90, 1, 1),
(91, 'Oconnor', '204f1b6bbd4a00750d9565e5f9d2564a', 'Mohammad', 'Osborne', 'daveed@verizon.net', 1213141516, 91, 1, 1),
(92, 'Mccullough', 'a5cb9bc0c5159498fbe75ac55b776885', 'Gilbert', 'Hughes', 'garland@msn.com', 1213141516, 92, 1, 1),
(93, 'Zavala', 'c5ec739d499954793e89b330232b3dd2', 'Messiah', 'Pruitt', 'ilyaz@sbcglobal.net', 1213141516, 93, 1, 1),
(94, 'Baird', '924014f07f06fbc84a369aad6d4f1d14', 'Isabella', 'Hester', 'chinthaka@aol.com', 1213141516, 94, 1, 1),
(95, 'Serrano', '4bfb8a33062b3f46f4cdc9f61d4e6fe5', 'Giselle', 'Palmer', 'crimsane@mac.com', 1213141516, 95, 1, 1),
(96, 'Lee', '536fc738bea4418e25ab8d50eff8e98e', 'Andy', 'York', 'alhajj@mac.com', 1213141516, 96, 1, 1),
(97, 'Duffy', 'e6116feeac1a8f8630264c5b50149caf', 'Jaiden', 'Navarro', 'gerlo@yahoo.ca', 1213141516, 97, 1, 1),
(98, 'Sosa', 'baa9cccfc34f6d61a5c872a26e2b7f39', 'Davin', 'Hull', 'mwitte@verizon.net', 1213141516, 98, 1, 1),
(99, 'Foster', '65ec497949f88b11899cdbd76c212427', 'Draven', 'Harmon', 'claypool@optonline.net', 1213141516, 99, 1, 1),
(100, 'Huber', '4155e5669c9acdc949d286086ad359f7', 'Cristian', 'Morton', 'bastian@comcast.net', 1213141516, 100, 1, 1),
(101, 'Mckenzie', '8718f897db48b18507da7df1b70a8b9a', 'Bryson', 'Watts', 'jbryan@gmail.com', 1213141516, 101, 1, 1),
(102, 'Gutierrez', 'd0f6b9add712648b66948a9698a2c7de', 'Jillian', 'Fowler', 'plover@sbcglobal.net', 1213141516, 102, 1, 1),
(103, 'Chung', 'c02be90fd12804e44f10d8bebbf6deca', 'Avery', 'Randall', 'adillon@verizon.net', 1213141516, 103, 1, 1),
(104, 'Brown', '2c1ee26c36e4de169dc95fd41ce059ae', 'Alexa', 'Riley', 'maneesh@sbcglobal.net', 1213141516, 104, 1, 1),
(105, 'Cardenas', 'c65ffd46260c69b8cdc106006aa02892', 'Ryder', 'Franco', 'johndo@msn.com', 1213141516, 105, 1, 1),
(106, 'Navarro', 'e2ec4fede7e425abef68876362869ecb', 'Callum', 'Figueroa', 'rjones@yahoo.com', 1213141516, 106, 1, 1),
(107, 'Barajas', '1ab666d47d17a3aee58b0a4a201c6286', 'Julianne', 'Barrera', 'maratb@icloud.com', 1213141516, 107, 1, 1),
(108, 'Heath', 'f764d80cb2c199c8e7d1c1a13f0e5064', 'Billy', 'Mccall', 'koudas@sbcglobal.net', 1213141516, 108, 1, 1),
(109, 'Myers', '05ee972cf910113d0f931db12db81b66', 'Kelsie', 'Cherry', 'ewaters@me.com', 1213141516, 109, 1, 1),
(110, 'Palmer', '0a55f5a396deb001857d89cce0b73f57', 'Marco', 'Myers', 'report@live.com', 1213141516, 110, 1, 1),
(111, 'Mcconnell', '29fa5209b229912480b3c5066d4afb0b', 'Christopher', 'Adkins', 'alastair@aol.com', 1213141516, 111, 1, 1),
(112, 'Higgins', '45d0b47e37db20ecba89fd4b2b0542d0', 'Jamarion', 'Flynn', 'themer@icloud.com', 1213141516, 112, 1, 1),
(113, 'Barr', '77e3492978d6d561f5ee7afdad8305d9', 'Wyatt', 'Fleming', 'pgottsch@optonline.net', 1213141516, 113, 1, 1),
(114, 'Kramer', '6826a94e9b64e616af8b08d2081bc10a', 'Isai', 'Dorsey', 'matloff@msn.com', 1213141516, 114, 1, 1),
(115, 'Molina', '58ccf9ae488c5e2dceb5020fc0331180', 'Jeremy', 'Clark', 'duchamp@yahoo.com', 1213141516, 115, 1, 1),
(116, 'Vargas', 'cf11398c073ca04fd2f6e0b1de767e9c', 'Jaydon', 'Alvarado', 'mjewell@live.com', 1213141516, 116, 1, 1),
(117, 'Clay', '02dbf9d52f854017222dbcc10700ea10', 'Johnny', 'Kline', 'danny@icloud.com', 1213141516, 117, 1, 1),
(118, 'Dominguez', 'a28d12619a1a445baf08a7afb6556b85', 'Bridget', 'Lawson', 'treit@yahoo.ca', 1213141516, 118, 1, 1),
(119, 'Sharp', 'daef8d26ec6e2101e02bcca264fa0473', 'Ernest', 'Rubio', 'fairbank@yahoo.ca', 1213141516, 119, 1, 1),
(120, 'Bowen', '4401362aa9cc9fd68cb5c789c4f8b8a9', 'Kaylah', 'Cain', 'dieman@msn.com', 1213141516, 120, 1, 1),
(121, 'Fuller', '6af3853e0c05400e35b5d87945bbfdf0', 'Melina', 'Case', 'cremonini@comcast.net', 1213141516, 121, 1, 1),
(122, 'Escobar', '804feaa1a469af256aeeb0031bc544d3', 'Reynaldo', 'Kim', 'aardo@att.net', 1213141516, 122, 1, 1),
(123, 'Ware', '16852c7c5dea0459b2aaf29eb92f2f07', 'Griffin', 'May', 'rhavyn@me.com', 1213141516, 123, 1, 1),
(124, 'Gregory', 'ec622e0e8f8c338895c39c2bfcb9af74', 'Josephine', 'Vazquez', 'terjesa@att.net', 1213141516, 124, 1, 1),
(125, 'Jenkins', '4d1e3ee8f0a50a52fe2e7041ffa111a7', 'Kaden', 'Mullen', 'dimensio@yahoo.com', 1213141516, 125, 1, 1),
(126, 'Simmons', '68a833d49e8aad91449fc2b8efffbc64', 'Brenden', 'Haley', 'ganter@mac.com', 1213141516, 126, 1, 1),
(127, 'Randall', '1248e03169a0110e9b74a2123565cf59', 'Atticus', 'Gay', 'jemarch@aol.com', 1213141516, 127, 1, 1),
(128, 'Dudley', '1552f5cbba18b7df610f65c998b2dc4c', 'Reyna', 'Mitchell', 'monkeydo@mac.com', 1213141516, 128, 1, 1),
(129, 'Valentine', '8ba85b42bc5981285ac35beedbc77833', 'Kaia', 'Mullins', 'paley@comcast.net', 1213141516, 129, 1, 1),
(130, 'Brooks', 'abde88a4ff63853a00a7ac7732d54ed3', 'Jay', 'Glover', 'sfoskett@aol.com', 1213141516, 130, 1, 1),
(131, 'Griffin', '543607cdfef17d6a194102dc8bd04005', 'Edwin', 'Suarez', 'jugalator@yahoo.com', 1213141516, 131, 1, 1),
(132, 'Leach', '4925082216ed5374eb97427c5b56b4c4', 'Agustin', 'Holland', 'inico@msn.com', 1213141516, 132, 1, 1),
(133, 'Harding', '86e837231741bd8e7e4f798362abd208', 'Averi', 'Fletcher', 'leviathan@sbcglobal.net', 1213141516, 133, 1, 1),
(134, 'Mckee', 'cad18c33550752729fc0ec3363b973f2', 'Hayden', 'Cochran', 'laird@hotmail.com', 1213141516, 134, 1, 1),
(135, 'Lucas', '3ccae2e7fc82d08270ab404b730ff7c6', 'Laylah', 'Hayes', 'violinhi@hotmail.com', 1213141516, 135, 1, 1),
(136, 'Howard', '38bdf6e3d4356ecdea1d06dff76f5f50', 'Iyana', 'Buchanan', 'ryanvm@verizon.net', 1213141516, 136, 1, 1),
(137, 'Weiss', 'c764aeb10caa98cc05d54f63574c5567', 'Carson', 'Alexander', 'ehood@comcast.net', 1213141516, 137, 1, 1),
(138, 'Stevenson', '33997b88e74f6a7a9076a77bfb55c727', 'Elle', 'Abbott', 'seasweb@me.com', 1213141516, 138, 1, 1),
(139, 'Gilmore', '046864f40c48552833ca8eac63fbdfe7', 'Brayan', 'Morse', 'saridder@aol.com', 1213141516, 139, 1, 1),
(140, 'Logan', 'b369d7a5139fe28fae3d97bf443511cd', 'Jameson', 'Pennington', 'drezet@mac.com', 1213141516, 140, 1, 1),
(141, 'Middleton', '668e5c22d112bf68b123510de5f2c6ba', 'Anika', 'Floyd', 'schumer@yahoo.ca', 1213141516, 141, 1, 1),
(142, 'Cline', '07050cf478e46c016f0fbc56c89a0230', 'Brennen', 'Mendoza', 'dogdude@gmail.com', 1213141516, 142, 1, 1),
(143, 'Ortega', '2291eb01e80f054eb9b229e33a16ec10', 'Julie', 'Ryan', 'geekoid@verizon.net', 1213141516, 143, 1, 1),
(144, 'Boyle', 'c8043d494463b5475cbd240c67e5304d', 'Teagan', 'Colon', 'bhtower@me.com', 1213141516, 144, 1, 1),
(145, 'Zuniga', '32e1d5631c8144de8abff25dede30259', 'Brielle', 'Blevins', 'delpino@me.com', 1213141516, 145, 1, 1),
(146, 'Allison', 'bd88e68b2a69f97cd72d3714230c54ff', 'Priscilla', 'Beard', 'wetter@yahoo.com', 1213141516, 146, 1, 1),
(147, 'Ellis', 'c5b0199b91cbddf3880165e3cca0d92f', 'Ana', 'Grant', 'kempsonc@aol.com', 1213141516, 147, 1, 1),
(148, 'Hines', 'cc4217299162168a13e6021a377d845b', 'Samir', 'Humphrey', 'shrapnull@outlook.com', 1213141516, 148, 1, 1),
(149, 'Clements', '54e69c4da4c6b7a852082cbeb38caffa', 'Liberty', 'Black', 'dexter@gmail.com', 1213141516, 149, 1, 1),
(150, 'Potter', 'ede85a5abf462ef9cac2f99253f1cf54', 'Mylee', 'Parrish', 'tbusch@msn.com', 1213141516, 150, 1, 0),
(151, 'Magdy', 'e10adc3949ba59abbe56e057f20f883e', 'Mohamed', 'Magdy', 'mm.medany96@gmail.com', 1277993039, NULL, 0, 1),
(152, 'Amr', 'e10adc3949ba59abbe56e057f20f883e', 'Amr', 'Hamdy', 'aah4work@gmail.com', 1226267121, NULL, 0, 1),
(153, 'Farouk', 'e10adc3949ba59abbe56e057f20f883e', 'Mohamed', 'Farouk', 'mohamedfarouk1994@gmail.com', 1281259262, NULL, 0, 1),
(154, 'Shady', 'e10adc3949ba59abbe56e057f20f883e', 'Shady', 'Naser', 'DeadCode8@gmail.com', 1011122821, NULL, 0, 1),
(155, 'Aya', 'e10adc3949ba59abbe56e057f20f883e', 'Aya', 'Ashraf', 'aya1ashraf37977@gmail.com', 1001345261, NULL, 0, 1),
(156, 'admin', 'e10adc3949ba59abbe56e057f20f883e', 'Amr', 'lastname2', 'admin2@gmail.com', 123, 51, 1, 1);

--
-- Indexes for dumped tables
--

--
-- Indexes for table `Blood`
--
ALTER TABLE `Blood`
  ADD KEY `bid` (`bloodCenterid`),
  ADD KEY `bt` (`bloodTypeid`);

--
-- Indexes for table `BloodCenter`
--
ALTER TABLE `BloodCenter`
  ADD PRIMARY KEY (`id`),
  ADD KEY `cid` (`countryid`),
  ADD KEY `tid` (`bloodCenterTypeid`),
  ADD KEY `did` (`districtid`);

--
-- Indexes for table `BloodCenterType`
--
ALTER TABLE `BloodCenterType`
  ADD PRIMARY KEY (`id`),
  ADD UNIQUE KEY `name` (`name`);

--
-- Indexes for table `BloodType`
--
ALTER TABLE `BloodType`
  ADD PRIMARY KEY (`id`),
  ADD UNIQUE KEY `name` (`name`);

--
-- Indexes for table `Center`
--
ALTER TABLE `Center`
  ADD KEY `Cid` (`bloodCenterid`),
  ADD KEY `centerType` (`centerTypeid`);

--
-- Indexes for table `CenterType`
--
ALTER TABLE `CenterType`
  ADD PRIMARY KEY (`id`),
  ADD UNIQUE KEY `name` (`name`);

--
-- Indexes for table `Country`
--
ALTER TABLE `Country`
  ADD PRIMARY KEY (`id`),
  ADD UNIQUE KEY `name` (`name`);

--
-- Indexes for table `Distirct`
--
ALTER TABLE `Distirct`
  ADD PRIMARY KEY (`id`),
  ADD UNIQUE KEY `name` (`name`);

--
-- Indexes for table `Members`
--
ALTER TABLE `Members`
  ADD PRIMARY KEY (`id`),
  ADD UNIQUE KEY `username` (`username`),
  ADD KEY `amid` (`bloodCenterid`);

--
-- AUTO_INCREMENT for dumped tables
--

--
-- AUTO_INCREMENT for table `BloodCenter`
--
ALTER TABLE `BloodCenter`
  MODIFY `id` int(11) NOT NULL AUTO_INCREMENT, AUTO_INCREMENT=151;
--
-- AUTO_INCREMENT for table `BloodCenterType`
--
ALTER TABLE `BloodCenterType`
  MODIFY `id` int(11) NOT NULL AUTO_INCREMENT, AUTO_INCREMENT=3;
--
-- AUTO_INCREMENT for table `BloodType`
--
ALTER TABLE `BloodType`
  MODIFY `id` int(11) NOT NULL AUTO_INCREMENT, AUTO_INCREMENT=9;
--
-- AUTO_INCREMENT for table `CenterType`
--
ALTER TABLE `CenterType`
  MODIFY `id` int(11) NOT NULL AUTO_INCREMENT, AUTO_INCREMENT=3;
--
-- AUTO_INCREMENT for table `Country`
--
ALTER TABLE `Country`
  MODIFY `id` int(11) NOT NULL AUTO_INCREMENT, AUTO_INCREMENT=3;
--
-- AUTO_INCREMENT for table `Distirct`
--
ALTER TABLE `Distirct`
  MODIFY `id` int(11) NOT NULL AUTO_INCREMENT, AUTO_INCREMENT=54;
--
-- AUTO_INCREMENT for table `Members`
--
ALTER TABLE `Members`
  MODIFY `id` int(11) NOT NULL AUTO_INCREMENT, AUTO_INCREMENT=157;
--
-- Constraints for dumped tables
--

--
-- Constraints for table `Blood`
--
ALTER TABLE `Blood`
  ADD CONSTRAINT `Blood_ibfk_1` FOREIGN KEY (`bloodCenterid`) REFERENCES `BloodCenter` (`id`),
  ADD CONSTRAINT `Blood_ibfk_2` FOREIGN KEY (`bloodTypeid`) REFERENCES `BloodType` (`id`);

--
-- Constraints for table `BloodCenter`
--
ALTER TABLE `BloodCenter`
  ADD CONSTRAINT `BloodCenter_ibfk_1` FOREIGN KEY (`countryid`) REFERENCES `Country` (`id`),
  ADD CONSTRAINT `BloodCenter_ibfk_2` FOREIGN KEY (`bloodCenterTypeid`) REFERENCES `BloodCenterType` (`id`),
  ADD CONSTRAINT `BloodCenter_ibfk_3` FOREIGN KEY (`districtid`) REFERENCES `Distirct` (`id`);

--
-- Constraints for table `Center`
--
ALTER TABLE `Center`
  ADD CONSTRAINT `Center_ibfk_1` FOREIGN KEY (`bloodCenterid`) REFERENCES `BloodCenter` (`id`),
  ADD CONSTRAINT `Center_ibfk_2` FOREIGN KEY (`centerTypeid`) REFERENCES `CenterType` (`id`);

--
-- Constraints for table `Members`
--
ALTER TABLE `Members`
  ADD CONSTRAINT `Members_ibfk_1` FOREIGN KEY (`bloodCenterid`) REFERENCES `BloodCenter` (`id`);

/*!40101 SET CHARACTER_SET_CLIENT=@OLD_CHARACTER_SET_CLIENT */;
/*!40101 SET CHARACTER_SET_RESULTS=@OLD_CHARACTER_SET_RESULTS */;
/*!40101 SET COLLATION_CONNECTION=@OLD_COLLATION_CONNECTION */;
